date,location_id,lat,lon,depth,habitat,species,count,biomass_kg,water_temp,salinity,dissolved_oxygen,pH,chlorophyll,river_discharge,rainfall,air_temp,tide_height,current_speed,fishing_effort,sampling_gear,observation_method,season,moon_phase
01-01-2020,LOC01,12.34,56.78,30,reef,Tuna,56,322,28.44056472,34.02448241,6.605589502,8.10639202,2.405127222,143.1332586,60.73478036,30.87939797,1.782889612,0.676506616,11,longline,acoustic,winter,first_quarter
01-01-2020,LOC01,12.34,56.78,30,reef,Sardine,188,285.9,28.3784503,34.97503704,6.829052931,8.065953523,2.866762402,141.7559754,62.85836089,29.64786645,1.772684672,0.691477284,13,net,catch,winter,full
01-01-2020,LOC01,12.34,56.78,30,reef,Snapper,46,258.3,28.62897229,34.94302627,6.697994108,8.058775939,2.695177836,150.7338119,67.71577134,29.33449029,1.759984607,0.679039371,18,net,visual,winter,full
01-01-2020,LOC02,13.45,57.89,50,seagrass,Tuna,41,207.8,27.7891194,35.31564411,6.57459424,8.084016439,2.358888204,136.9124917,63.62428874,31.49494131,1.711618745,0.721618998,17,trawl,visual,winter,last_quarter
01-01-2020,LOC02,13.45,57.89,50,seagrass,Sardine,206,485.3,28.29334724,34.82563746,6.773555045,8.142898794,2.442608703,130.544407,59.33356393,29.08054771,1.771209927,0.680326368,11,trawl,visual,winter,full
01-01-2020,LOC02,13.45,57.89,50,seagrass,Snapper,56,262.7,27.95677524,34.66903703,6.793414634,8.080913105,2.141248106,148.170995,62.6529883,30.01249412,1.770520082,0.69553164,12,trawl,visual,winter,first_quarter
01-02-2020,LOC01,12.34,56.78,30,reef,Tuna,46,152.4,27.88301455,34.33865019,6.300550634,8.119988711,2.594381687,121.2183745,82.4769036,31.83988845,1.950256773,0.553319116,16,net,visual,winter,new
01-02-2020,LOC01,12.34,56.78,30,reef,Sardine,222,252.3,29.76455066,35.1188678,6.381170009,8.027697107,2.887664256,119.7050729,77.14414317,32.21800457,1.96734313,0.588032219,14,net,catch,winter,first_quarter
01-02-2020,LOC01,12.34,56.78,30,reef,Snapper,46,297.3,28.14136396,34.68012423,6.314684812,8.08050951,2.45301956,131.3515095,74.86964863,30.72534613,1.905435717,0.615675692,5,net,visual,winter,first_quarter
01-02-2020,LOC02,13.45,57.89,50,seagrass,Tuna,50,200.5,27.19808074,35.13385573,6.337411781,8.079232137,2.682396364,123.5920911,81.31066327,32.35320099,1.928992515,0.548217312,9,net,acoustic,winter,full
01-02-2020,LOC02,13.45,57.89,50,seagrass,Sardine,191,550.8,29.46040154,35.49136976,6.40014088,8.040752812,2.576490375,117.7477394,86.62311078,31.37476574,1.952429091,0.554853641,8,longline,acoustic,winter,first_quarter
01-02-2020,LOC02,13.45,57.89,50,seagrass,Snapper,50,217.3,29.77619922,34.77250826,6.254878847,8.036103121,2.917801779,140.7909126,76.78072018,32.0775141,1.939980516,0.665300087,5,longline,acoustic,winter,full
01-03-2020,LOC01,12.34,56.78,30,reef,Tuna,47,307.2,30.18323444,34.38776548,5.72636816,8.182546397,3.517099716,98.20480787,78.08406339,34.46144429,1.996939252,0.455263649,19,longline,visual,spring,last_quarter
01-03-2020,LOC01,12.34,56.78,30,reef,Sardine,200,433.8,31.40748186,35.04529245,6.128787759,7.997491395,2.985384479,91.5676973,73.9059347,32.12184763,1.99972093,0.545795127,6,longline,catch,spring,new
01-03-2020,LOC01,12.34,56.78,30,reef,Snapper,48,288.1,30.53811544,35.66869905,5.969098864,8.065202869,2.932842355,102.4249679,80.88286679,31.91561193,1.999979529,0.511411417,5,longline,visual,spring,full
01-03-2020,LOC02,13.45,57.89,50,seagrass,Tuna,63,222.8,29.40929299,35.1578025,6.241170724,8.063545808,2.803756068,78.5271097,79.1866704,31.93758559,1.999299398,0.456156961,6,trawl,catch,spring,last_quarter
01-03-2020,LOC02,13.45,57.89,50,seagrass,Sardine,198,268.5,28.90321442,35.91845676,6.581013434,8.041421669,2.889525313,103.4155555,88.64348822,32.01314292,1.999849604,0.538866879,13,net,visual,spring,first_quarter
01-03-2020,LOC02,13.45,57.89,50,seagrass,Snapper,42,200,29.73361251,35.11608494,5.888934556,8.123576926,3.303814745,101.5542933,81.75878204,33.05315535,2,0.463922098,13,net,acoustic,spring,new
01-04-2020,LOC01,12.34,56.78,30,reef,Tuna,44,289.2,29.71597357,34.6184714,5.277517706,8.159557148,2.944850171,79.80143403,67.25783218,33.1235909,1.921209099,0.344478466,9,longline,acoustic,spring,last_quarter
01-04-2020,LOC01,12.34,56.78,30,reef,Sardine,206,401.3,29.07814964,35.07628126,5.794298395,7.971667078,2.794970324,76.76512421,77.46073206,31.82423784,1.970040829,0.416399774,14,net,acoustic,spring,first_quarter
01-04-2020,LOC01,12.34,56.78,30,reef,Snapper,47,232.1,28.27722851,34.83277191,5.760008919,8.129132762,3.385718885,86.77411889,78.17619551,33.94008695,1.921624224,0.441399409,13,trawl,catch,spring,full
01-04-2020,LOC02,13.45,57.89,50,seagrass,Tuna,45,172,30.11247736,34.90467447,5.734249419,8.137543449,3.412219251,82.30774691,68.12056084,32.12919925,1.959275319,0.374086008,11,trawl,acoustic,spring,last_quarter
01-04-2020,LOC02,13.45,57.89,50,seagrass,Sardine,189,314.6,29.64213649,35.57765602,5.621752294,7.985435525,2.957335422,75.72033573,78.05021354,33.8123621,1.975044551,0.370444829,17,net,catch,spring,new
01-04-2020,LOC02,13.45,57.89,50,seagrass,Snapper,38,222.2,28.75918336,35.40688184,5.713694311,8.111643901,2.936345672,77.70343239,71.66403579,32.04862374,1.936775252,0.419169693,6,longline,acoustic,spring,first_quarter
01-05-2020,LOC01,12.34,56.78,30,reef,Tuna,47,200.1,26.67774998,35.1011531,5.302851634,8.100571303,2.898688177,65.26666964,69.20910033,30.5541165,1.643375394,0.316536835,6,net,acoustic,spring,full
01-05-2020,LOC01,12.34,56.78,30,reef,Sardine,208,552.2,25.89774046,34.37417639,4.813719009,8.060293185,2.631890982,61.94060824,66.3813709,28.58723412,1.842501974,0.329512599,15,net,catch,spring,last_quarter
01-05-2020,LOC01,12.34,56.78,30,reef,Snapper,53,305.3,27.72921137,35.26503235,4.993039944,8.091019429,2.559032829,64.90401456,63.03129414,30.52116726,1.761421469,0.320917811,7,net,catch,spring,full
01-05-2020,LOC02,13.45,57.89,50,seagrass,Tuna,57,152,26.82173556,35.37471695,5.076997783,8.109889504,2.826765249,69.97559113,64.65431033,31.35358589,1.746000246,0.284925008,11,net,catch,spring,full
01-05-2020,LOC02,13.45,57.89,50,seagrass,Sardine,186,446.7,29.22076983,34.30890924,5.21254009,8.047972803,2.642409127,55.3878633,55.84547087,30.92829699,1.775723928,0.300099907,10,longline,acoustic,spring,first_quarter
01-05-2020,LOC02,13.45,57.89,50,seagrass,Snapper,56,298.4,27.86192185,35.66033083,5.065417366,8.026157109,2.820166725,53.38384809,70.57296222,30.38337711,1.755656763,0.344233714,18,trawl,visual,spring,new
01-06-2020,LOC01,12.34,56.78,30,reef,Tuna,41,249.1,24.15433897,35.16653519,4.99482743,8.115695411,1.749989358,34.10432507,39.63508282,25.88261589,1.522925724,0.285340421,12,trawl,visual,summer,new
01-06-2020,LOC01,12.34,56.78,30,reef,Sardine,203,364.7,24.71563616,35.09266282,5.123834223,8.083037076,2.31915546,38.58061774,50.03169531,29.59767373,1.488846938,0.371660725,13,longline,visual,summer,last_quarter
01-06-2020,LOC01,12.34,56.78,30,reef,Snapper,50,211,25.43030136,34.57423141,5.133117047,8.15426435,2.109959422,47.13751266,52.2698279,26.69132694,1.45329085,0.208429696,18,net,acoustic,summer,last_quarter
01-06-2020,LOC02,13.45,57.89,50,seagrass,Tuna,59,347.8,24.28051977,34.24874827,4.407094232,8.072825225,2.726124504,54.34884271,47.20213857,27.46508021,1.577731352,0.285133832,18,trawl,acoustic,summer,new
01-06-2020,LOC02,13.45,57.89,50,seagrass,Sardine,187,436.5,24.31162772,35.4489077,5.32578739,8.051492524,1.733691303,63.35784336,49.04328007,28.40382139,1.522119564,0.372752279,17,longline,visual,summer,first_quarter
01-06-2020,LOC02,13.45,57.89,50,seagrass,Snapper,49,198.9,24.55143579,35.22616698,4.686848186,8.131873545,1.838368605,61.47812661,38.02869848,26.21343422,1.583924258,0.258688527,17,trawl,acoustic,summer,full
01-07-2020,LOC01,12.34,56.78,30,reef,Tuna,54,281,21.49146396,35.35342482,5.26650779,8.119251897,1.666960033,59.66290982,45.17536651,23.91290583,1.26341287,0.28911854,6,longline,acoustic,summer,first_quarter
01-07-2020,LOC01,12.34,56.78,30,reef,Sardine,200,311.1,22.42931962,35.16714756,5.144203008,8.061723236,1.770055369,64.09285653,34.20175846,23.34708386,1.226640149,0.336193599,7,trawl,acoustic,summer,new
01-07-2020,LOC01,12.34,56.78,30,reef,Snapper,45,233.5,21.04517751,35.66809305,5.383564593,8.087374133,1.609036301,32.59951015,29.2182617,23.70622108,1.297771294,0.362514743,12,longline,catch,summer,first_quarter
01-07-2020,LOC02,13.45,57.89,50,seagrass,Tuna,51,337.2,21.27762569,35.12451806,5.498234366,8.017412043,1.115679238,52.46266375,32.39705794,24.81260129,1.239609841,0.238046816,8,trawl,visual,summer,last_quarter
01-07-2020,LOC02,13.45,57.89,50,seagrass,Sardine,176,296,23.04113161,35.38146324,5.223594469,8.015720134,1.661410332,46.35564929,36.17638056,22.57626556,1.230929063,0.286464974,16,longline,acoustic,summer,last_quarter
01-07-2020,LOC02,13.45,57.89,50,seagrass,Snapper,34,219.3,22.05934758,35.01605384,5.187757286,8.069016703,1.641340888,51.36420634,32.94180839,25.36264264,1.296329728,0.206155903,12,trawl,catch,summer,last_quarter
01-08-2020,LOC01,12.34,56.78,30,reef,Tuna,46,215.7,20.38365003,34.90503808,5.277322392,8.128978057,1.291326809,60.0559438,27.51522154,23.85653256,1.062752522,0.383133742,13,net,visual,summer,full
01-08-2020,LOC01,12.34,56.78,30,reef,Sardine,204,368.2,22.51769799,34.91291363,5.833577522,8.044812965,1.310152346,78.19400264,19.67400165,21.98124369,1.039927732,0.383810415,18,longline,catch,summer,last_quarter
01-08-2020,LOC01,12.34,56.78,30,reef,Snapper,51,250.8,18.96422077,34.19217083,5.596413367,8.073864065,0.364551294,82.84844037,25.38108666,21.08997275,1.103561881,0.441790395,7,net,acoustic,summer,last_quarter
01-08-2020,LOC02,13.45,57.89,50,seagrass,Tuna,45,242.4,20.50294505,35.40838793,5.62501704,8.16258625,0.977577721,70.64592527,21.62372203,22.5946493,1.034519701,0.377057975,9,longline,catch,summer,full
01-08-2020,LOC02,13.45,57.89,50,seagrass,Sardine,197,172.2,19.84316793,34.60879183,5.035928798,8.051818078,0.859427761,72.98895345,29.58406734,21.55878693,1.095010537,0.397152273,16,net,catch,summer,full
01-08-2020,LOC02,13.45,57.89,50,seagrass,Snapper,43,205.5,21.31735767,34.9931766,5.64033273,8.048246094,1.130349201,72.89309986,17.93978327,20.24036963,1.050874731,0.382452381,12,longline,acoustic,summer,first_quarter
01-09-2020,LOC01,12.34,56.78,30,reef,Tuna,46,161.2,19.07711356,35.73058943,6.056517397,8.138365862,0.657951724,88.80464125,22.23906858,21.05827433,1.000752597,0.49061645,5,longline,visual,autumn,new
01-09-2020,LOC01,12.34,56.78,30,reef,Sardine,186,221.4,17.75273144,35.5008727,6.237545019,8.048968849,0.442049378,100.9903482,24.65419113,22.79759452,1.00066626,0.481414165,19,longline,visual,autumn,first_quarter
01-09-2020,LOC01,12.34,56.78,30,reef,Snapper,62,437,21.7851684,35.56802434,5.81582992,8.142750966,1.191887923,104.4254562,26.24832634,21.63537114,1.001368428,0.531845314,17,net,catch,autumn,first_quarter
01-09-2020,LOC02,13.45,57.89,50,seagrass,Tuna,55,370.1,21.3592206,35.12760671,6.270125024,8.100602659,1.060839183,89.0652863,21.98495652,21.06038593,1.004236261,0.497440144,18,net,acoustic,autumn,last_quarter
01-09-2020,LOC02,13.45,57.89,50,seagrass,Sardine,203,431.3,20.04421238,34.89854301,5.783514561,8.092447406,0.776170523,87.49684461,22.55610907,21.39126466,1.007959601,0.493865768,5,trawl,visual,autumn,new
01-09-2020,LOC02,13.45,57.89,50,seagrass,Snapper,59,245.1,18.91630117,35.17230245,6.075856007,8.164366556,1.329993895,98.67771343,13.77897061,20.6808934,1.000117969,0.489895838,5,longline,acoustic,autumn,full
01-10-2020,LOC01,12.34,56.78,30,reef,Tuna,48,254.9,20.2678804,35.12205219,6.554640805,8.04302855,0.989602259,139.3777694,18.20884032,19.68719313,1.028193088,0.601455497,14,trawl,acoustic,autumn,full
01-10-2020,LOC01,12.34,56.78,30,reef,Sardine,210,461.6,22.23131118,34.43610962,6.424038698,8.062355404,0.865670782,121.7373799,31.1566643,23.64123425,1.058834713,0.695253011,19,trawl,catch,autumn,full
01-10-2020,LOC01,12.34,56.78,30,reef,Snapper,60,321.9,23.84872666,35.42564279,6.358547094,8.148449894,1.025424835,120.1024982,28.56224469,21.83493317,1.074118803,0.600699261,9,net,visual,autumn,full
01-10-2020,LOC02,13.45,57.89,50,seagrass,Tuna,47,188.8,19.22757385,34.97079438,6.516796201,8.065324692,1.383284154,111.5782483,21.98451914,21.21897344,1.06582732,0.613943214,5,trawl,visual,autumn,last_quarter
01-10-2020,LOC02,13.45,57.89,50,seagrass,Sardine,206,210.3,20.65755369,34.88951634,6.479315977,8.098600877,1.201642548,134.4764961,18.46371338,20.63187598,1.042294071,0.614445833,19,net,visual,autumn,full
01-10-2020,LOC02,13.45,57.89,50,seagrass,Snapper,39,162.5,20.11214409,34.79580569,6.507716225,8.084412683,1.448776479,118.2398269,19.70764809,22.28272312,1.033842578,0.619484585,6,longline,visual,autumn,last_quarter
01-11-2020,LOC01,12.34,56.78,30,reef,Tuna,39,153,21.74824415,35.19851665,6.977141822,8.068891615,1.796221544,154.8763478,42.18150878,24.52941341,1.311175526,0.579165159,9,net,visual,autumn,last_quarter
01-11-2020,LOC01,12.34,56.78,30,reef,Sardine,220,421.7,24.38217488,34.9151401,6.948783867,8.088386534,1.522713986,143.361437,37.24162033,25.16530754,1.324396751,0.688686085,10,trawl,catch,autumn,new
01-11-2020,LOC01,12.34,56.78,30,reef,Snapper,44,258.1,22.71160973,35.44319698,6.964178746,8.160015313,1.586807747,139.744287,36.67920628,21.06940562,1.266758618,0.490784439,10,trawl,catch,autumn,new
01-11-2020,LOC02,13.45,57.89,50,seagrass,Tuna,62,265.8,23.87054099,34.75798493,7.314609466,8.099904007,1.622410853,159.4700142,35.65513558,22.99765602,1.245263807,0.671424544,13,longline,visual,autumn,first_quarter
01-11-2020,LOC02,13.45,57.89,50,seagrass,Sardine,172,347,22.21720425,34.94690903,6.910649807,8.13084071,1.200086331,132.8853939,40.52339608,23.58766313,1.191359103,0.695395716,14,longline,acoustic,autumn,first_quarter
01-11-2020,LOC02,13.45,57.89,50,seagrass,Snapper,42,225.7,23.13198148,34.29786545,6.932233435,8.084869012,1.355162952,152.0068263,42.39637255,25.79437005,1.308926746,0.667718372,18,trawl,visual,autumn,full
01-12-2020,LOC01,12.34,56.78,30,reef,Tuna,50,291.2,24.94071735,34.63535653,6.917105387,8.131695519,2.000897987,153.4020998,53.35039621,26.62515854,1.537776376,0.71894213,18,net,catch,winter,new
01-12-2020,LOC01,12.34,56.78,30,reef,Sardine,212,313.2,23.97895484,35.02608666,6.945229899,8.083158402,2.18591059,153.3987536,51.58023935,27.40982846,1.530787246,0.594602333,16,longline,acoustic,winter,full
01-12-2020,LOC01,12.34,56.78,30,reef,Snapper,45,272,26.18763439,35.10138752,6.899927785,8.124258056,1.841624709,149.9860735,54.93068158,26.44222865,1.540240364,0.733870068,9,net,catch,winter,full
01-12-2020,LOC02,13.45,57.89,50,seagrass,Tuna,50,211.9,24.14079398,34.73116871,7.108518893,8.052218742,2.131253675,137.5824447,48.97965708,27.10964775,1.621041927,0.631134217,15,net,acoustic,winter,full
01-12-2020,LOC02,13.45,57.89,50,seagrass,Sardine,191,424.5,24.8463149,35.72702509,6.908705771,8.156611729,1.806689864,149.3974815,44.64018724,27.45502372,1.572005062,0.696132191,15,longline,acoustic,winter,new
01-12-2020,LOC02,13.45,57.89,50,seagrass,Snapper,43,271.7,27.80921086,34.70670746,7.287060031,8.112187624,1.954625706,154.3259445,50.30958242,27.11039573,1.479589015,0.630094517,15,longline,acoustic,winter,new
01-01-2021,LOC01,12.34,56.78,30,reef,Tuna,48,240.4,28.29493225,35.09018197,6.734814416,8.161314648,2.973755651,148.2468367,69.86831756,31.24196,1.797235935,0.70391004,8,net,acoustic,winter,full
01-01-2021,LOC01,12.34,56.78,30,reef,Sardine,194,256.5,26.70540054,35.65178253,7.034069436,8.174369914,2.418497685,131.7787818,63.79781401,30.1020313,1.753412477,0.729889105,9,net,visual,winter,full
01-01-2021,LOC01,12.34,56.78,30,reef,Snapper,37,185.1,26.75018666,34.88208532,6.829190254,8.086492244,3.031402373,142.3168102,63.78051945,27.90254904,1.710332424,0.66005141,11,longline,visual,winter,new
01-01-2021,LOC02,13.45,57.89,50,seagrass,Tuna,48,243,27.53722784,34.95560178,6.866784654,8.18593975,1.804116782,123.2858127,62.28414584,30.01452788,1.779263616,0.696859441,10,net,visual,winter,new
01-01-2021,LOC02,13.45,57.89,50,seagrass,Sardine,215,533.5,27.77264526,34.71925849,7.005588772,8.105530656,2.500401954,158.0308059,52.74563936,28.58231583,1.696959625,0.655042048,19,net,visual,winter,full
01-01-2021,LOC02,13.45,57.89,50,seagrass,Snapper,51,380.3,29.30174195,34.79412529,6.793308746,8.0425398,1.927560876,142.1324683,60.01074008,29.91514947,1.677810394,0.635106358,7,trawl,catch,winter,first_quarter
01-02-2021,LOC01,12.34,56.78,30,reef,Tuna,50,292.7,28.52991532,35.31642896,6.497872265,8.031180625,2.771166092,128.6536374,79.04558902,32.05516453,1.966087532,0.650375539,17,longline,acoustic,winter,new
01-02-2021,LOC01,12.34,56.78,30,reef,Sardine,187,259.2,28.40359391,35.74245939,6.28834379,8.033872943,2.720167165,129.2022671,75.46877858,31.5455888,1.915186373,0.564383147,8,net,acoustic,winter,first_quarter
01-02-2021,LOC01,12.34,56.78,30,reef,Snapper,45,203,29.14417034,34.64322301,5.969658333,8.031099536,2.3228398,102.5021622,70.00396724,33.5211081,1.931897526,0.664528188,15,trawl,visual,winter,last_quarter
01-02-2021,LOC02,13.45,57.89,50,seagrass,Tuna,33,189,28.75347973,35.27977019,6.613237552,8.072522369,2.529194874,113.1587167,76.41328982,32.52316229,1.911861132,0.601329267,14,net,visual,winter,new
01-02-2021,LOC02,13.45,57.89,50,seagrass,Sardine,179,268.4,31.01371323,34.73451175,6.708974562,8.103399331,2.74238059,106.9230314,75.12293956,30.63676919,1.955133288,0.675839633,10,trawl,visual,winter,full
01-02-2021,LOC02,13.45,57.89,50,seagrass,Snapper,51,294.5,29.29158876,35.86982402,6.403553504,8.149966817,2.895249428,132.9577801,73.74497383,32.14659359,1.930096413,0.558197144,19,longline,visual,winter,full
01-03-2021,LOC01,12.34,56.78,30,reef,Tuna,54,348.3,29.62505531,35.18652616,5.875279862,8.101167766,2.820075165,116.2007031,81.81849075,32.78197087,1.996442414,0.39146923,8,trawl,visual,spring,first_quarter
01-03-2021,LOC01,12.34,56.78,30,reef,Sardine,193,579.3,30.82419962,35.08485327,5.912189218,8.080271357,2.361240633,102.5764042,84.22741554,31.42438067,1.998906718,0.442126768,18,trawl,catch,spring,last_quarter
01-03-2021,LOC01,12.34,56.78,30,reef,Snapper,47,263.9,30.75385507,34.87444871,5.503858298,8.050179069,3.36987058,72.22005719,78.26238294,31.81999922,1.998382539,0.466244302,6,net,catch,spring,first_quarter
01-03-2021,LOC02,13.45,57.89,50,seagrass,Tuna,59,317.2,28.51494452,35.59520678,5.84789823,8.071962292,2.993325662,84.37115655,81.14385014,33.96746627,1.99978549,0.420555122,11,net,acoustic,spring,new
01-03-2021,LOC02,13.45,57.89,50,seagrass,Sardine,193,470.6,30.27009543,35.20598579,6.371898962,8.123427639,3.197366403,127.1074553,78.93097721,32.20211724,1.999542545,0.521949551,8,trawl,acoustic,spring,last_quarter
01-03-2021,LOC02,13.45,57.89,50,seagrass,Snapper,68,290.2,30.9159303,34.94542742,5.949423711,8.128113644,2.61243532,103.526272,89.56477404,33.46617766,1.999646203,0.474644736,18,trawl,catch,spring,first_quarter
01-04-2021,LOC01,12.34,56.78,30,reef,Tuna,49,160.1,30.19212707,34.81015674,5.575389557,8.043650604,3.264614724,87.4563496,80.77871474,30.68139765,1.910820913,0.420242754,10,longline,acoustic,spring,new
01-04-2021,LOC01,12.34,56.78,30,reef,Sardine,213,444.9,29.62135844,35.7368057,5.745206782,7.956647252,2.770793837,73.35348972,67.22026925,32.29033548,1.898503026,0.345671607,13,longline,catch,spring,first_quarter
01-04-2021,LOC01,12.34,56.78,30,reef,Snapper,63,280.8,29.79233951,34.06439094,5.872463512,8.130132622,2.811275451,80.7554651,68.93166497,33.37868316,1.940883666,0.389796524,18,net,visual,spring,new
01-04-2021,LOC02,13.45,57.89,50,seagrass,Tuna,51,288.2,29.32133233,35.25659991,5.416230251,8.211486592,2.395646279,87.60937324,82.82029937,31.34399362,1.867026185,0.449774514,14,longline,catch,spring,first_quarter
01-04-2021,LOC02,13.45,57.89,50,seagrass,Sardine,212,465.4,30.73131329,35.09065711,5.317711275,8.141221353,3.142370628,81.54659528,79.70825665,31.92522429,1.954336888,0.356590328,13,trawl,acoustic,spring,full
01-04-2021,LOC02,13.45,57.89,50,seagrass,Snapper,50,102.2,28.08280955,35.56042033,5.3670748,8.118029584,2.448819775,89.38705482,75.26062381,32.48619282,1.863732311,0.475822005,12,longline,visual,spring,first_quarter
01-05-2021,LOC01,12.34,56.78,30,reef,Tuna,36,176.2,27.10475585,35.73359063,5.111132618,8.214979455,2.527222769,74.55191375,66.78659711,30.96296057,1.780693089,0.284106958,13,trawl,acoustic,spring,last_quarter
01-05-2021,LOC01,12.34,56.78,30,reef,Sardine,200,264,26.0728636,34.11618894,5.155871668,8.156252196,2.495975264,34.09458224,64.0461977,29.837201,1.654432237,0.253938024,17,net,visual,spring,new
01-05-2021,LOC01,12.34,56.78,30,reef,Snapper,45,230.2,27.82994354,35.38880477,4.972077332,8.143902929,2.088099095,59.98240954,65.89370482,29.38370691,1.750981657,0.295667912,17,longline,visual,spring,new
01-05-2021,LOC02,13.45,57.89,50,seagrass,Tuna,50,192.5,28.21197702,34.40926047,5.020715613,8.06876983,2.897544019,60.00162927,63.94133099,30.49871944,1.835040539,0.32463824,7,net,visual,spring,first_quarter
01-05-2021,LOC02,13.45,57.89,50,seagrass,Sardine,182,445.5,25.50253331,34.15883676,5.176032854,8.064256172,2.893607579,53.54698591,55.32734632,28.73198608,1.85817827,0.315088642,17,longline,acoustic,spring,last_quarter
01-05-2021,LOC02,13.45,57.89,50,seagrass,Snapper,49,236.7,25.36530633,35.30864079,5.245046642,8.115469579,2.794443925,45.05044885,75.04377693,29.04057225,1.716886698,0.242427535,16,longline,catch,spring,last_quarter
01-06-2021,LOC01,12.34,56.78,30,reef,Tuna,60,314.2,24.89504184,35.68192516,4.952668235,8.010963095,1.759027972,55.51191729,51.97754553,25.43294175,1.536185464,0.270913933,16,trawl,visual,summer,last_quarter
01-06-2021,LOC01,12.34,56.78,30,reef,Sardine,208,496.2,25.80912131,34.92709477,4.921592041,8.106996216,1.755027468,38.53167918,45.29889396,26.36518684,1.558042532,0.308102978,5,trawl,catch,summer,first_quarter
01-06-2021,LOC01,12.34,56.78,30,reef,Snapper,44,235,24.98706123,34.27320036,4.74752214,8.101471179,2.308634276,27.85812629,51.7286329,28.18962201,1.507650995,0.327510125,16,net,visual,summer,first_quarter
01-06-2021,LOC02,13.45,57.89,50,seagrass,Tuna,55,326.9,24.01500507,34.77223608,4.722711549,8.029501515,1.94784869,42.70422806,51.88985499,27.45253842,1.48396027,0.31193004,6,net,catch,summer,full
01-06-2021,LOC02,13.45,57.89,50,seagrass,Sardine,211,555.4,23.57823635,34.84382228,5.271624219,8.125403955,2.058578909,47.82315307,48.08099537,27.28821906,1.512617367,0.297871069,9,net,visual,summer,last_quarter
01-06-2021,LOC02,13.45,57.89,50,seagrass,Snapper,48,154.7,25.32401252,34.61990496,5.115480516,8.102327874,2.228556432,61.75506577,50.96210559,28.13205229,1.616144205,0.379522615,12,net,catch,summer,last_quarter
01-07-2021,LOC01,12.34,56.78,30,reef,Tuna,46,236.7,22.48296211,35.14153429,5.350877628,8.011738984,1.792145722,56.78154891,33.98109069,22.52888477,1.228542795,0.206089527,11,net,catch,summer,new
01-07-2021,LOC01,12.34,56.78,30,reef,Sardine,200,517,22.32134483,34.65293072,5.032654057,8.163644138,1.660889091,52.84243,33.8177679,22.43282291,1.233371421,0.238804134,5,longline,catch,summer,last_quarter
01-07-2021,LOC01,12.34,56.78,30,reef,Snapper,53,328.1,21.80378795,35.11198371,5.134374467,8.114097793,1.290395869,55.80552578,27.00973812,24.13512345,1.230773215,0.315423949,8,trawl,visual,summer,full
01-07-2021,LOC02,13.45,57.89,50,seagrass,Tuna,53,250.1,20.9993306,34.48729494,5.026412327,8.161421041,1.308148983,63.1008664,32.30841899,24.24794756,1.256147391,0.370447749,18,net,acoustic,summer,full
01-07-2021,LOC02,13.45,57.89,50,seagrass,Sardine,189,327.7,21.25094003,35.20510601,5.040820963,8.218730328,0.978685621,58.7350616,29.36023488,23.50659866,1.24390156,0.21052635,18,trawl,visual,summer,first_quarter
01-07-2021,LOC02,13.45,57.89,50,seagrass,Snapper,49,295.2,22.3360465,34.70951991,4.678827315,8.132049536,1.466049477,46.5718913,35.63298355,23.41631964,1.273219837,0.357109477,9,net,visual,summer,new
01-08-2021,LOC01,12.34,56.78,30,reef,Tuna,40,276.9,21.79722774,35.048802,5.311893957,8.073536385,1.155957191,75.37523232,23.56488324,21.77301506,1.072445761,0.327901063,11,trawl,catch,summer,first_quarter
01-08-2021,LOC01,12.34,56.78,30,reef,Sardine,199,316.4,20.78122341,34.80568341,5.795478733,8.125329158,0.740433646,81.71228012,20.14597861,21.22685121,1.059356313,0.375412629,16,net,acoustic,summer,full
01-08-2021,LOC01,12.34,56.78,30,reef,Snapper,61,270.5,21.76906454,35.31439815,5.841988791,8.21338221,0.824759487,75.70419127,18.1382363,21.02624165,1.083588195,0.347142256,16,trawl,visual,summer,first_quarter
01-08-2021,LOC02,13.45,57.89,50,seagrass,Tuna,38,155.1,23.47944195,34.77430777,5.514403528,8.035232941,1.645802124,86.19500681,25.50381724,20.45704503,1.061817099,0.343928448,19,longline,visual,summer,new
01-08-2021,LOC02,13.45,57.89,50,seagrass,Sardine,201,303.2,21.35763411,35.60644185,5.721833962,8.02039935,1.224440288,85.15515216,15.72756006,21.79594306,1.060304441,0.384961771,13,longline,catch,summer,new
01-08-2021,LOC02,13.45,57.89,50,seagrass,Snapper,51,226.3,20.22686083,34.98014686,5.588490921,8.084778662,1.011079918,75.92354038,14.41465826,22.2808827,1.067001376,0.401984676,12,longline,acoustic,summer,last_quarter
01-09-2021,LOC01,12.34,56.78,30,reef,Tuna,44,219.7,20.17017694,34.76893646,6.132870735,8.146631942,1.145194688,97.39171542,9.461553062,21.76923621,1.003726913,0.532227921,15,longline,visual,autumn,first_quarter
01-09-2021,LOC01,12.34,56.78,30,reef,Sardine,197,307.7,19.77354542,35.37363603,6.011482014,8.04413362,1.124384886,105.7866163,20.43981448,21.21958493,1.000167313,0.573913947,17,trawl,acoustic,autumn,first_quarter
01-09-2021,LOC01,12.34,56.78,30,reef,Snapper,41,143.6,18.68970325,33.98113575,6.006539045,8.044084709,0.884634967,106.6137819,16.7922864,21.23128202,1.000223991,0.533605716,5,net,catch,autumn,full
01-09-2021,LOC02,13.45,57.89,50,seagrass,Tuna,42,237.5,18.91538938,35.70625653,6.204819768,8.114494274,1.047169853,97.90967744,23.39261976,20.62922183,1.000138726,0.543596718,17,trawl,visual,autumn,full
01-09-2021,LOC02,13.45,57.89,50,seagrass,Sardine,204,221.5,20.72982879,35.90445727,6.285065789,8.018695776,1.217456401,114.2210635,17.7159501,21.10144743,1.010045269,0.513336808,8,trawl,acoustic,autumn,last_quarter
01-09-2021,LOC02,13.45,57.89,50,seagrass,Snapper,57,343.4,19.21682014,34.43153871,5.568795391,8.086679323,0.82552182,84.48980588,22.26509378,20.55002962,1.002890231,0.47227138,11,net,acoustic,autumn,last_quarter
01-10-2021,LOC01,12.34,56.78,30,reef,Tuna,66,339.7,20.20003647,35.21772917,6.343913309,8.125491035,1.299532228,95.82840119,29.9707664,18.75621501,1.05241723,0.651267402,12,net,acoustic,autumn,full
01-10-2021,LOC01,12.34,56.78,30,reef,Sardine,175,181.9,21.79886408,34.97244895,6.261520934,8.070844246,0.828807294,133.662252,27.68137694,20.08468644,1.057252846,0.556840717,12,longline,visual,autumn,new
01-10-2021,LOC01,12.34,56.78,30,reef,Snapper,59,226.4,19.9925988,34.59919058,6.24507632,8.104741343,0.765599931,103.1963379,22.12085553,20.00099138,1.0494253,0.554544856,9,net,acoustic,autumn,first_quarter
01-10-2021,LOC02,13.45,57.89,50,seagrass,Tuna,56,180.5,20.01590985,35.10765131,6.295094217,8.145403142,0.77316562,122.1363386,21.08897969,21.96816824,1.051873857,0.586455319,9,net,visual,autumn,full
01-10-2021,LOC02,13.45,57.89,50,seagrass,Sardine,167,326.6,20.23941465,35.39827202,6.452833151,8.084665136,1.165381605,141.9658668,17.31745685,22.57370447,1.027676883,0.610863658,11,net,acoustic,autumn,first_quarter
01-10-2021,LOC02,13.45,57.89,50,seagrass,Snapper,48,241.5,20.41781017,34.6070117,6.442024877,8.109919058,0.903809476,116.9371818,17.2180207,22.1945726,1.081257305,0.611583022,19,trawl,visual,autumn,last_quarter
01-11-2021,LOC01,12.34,56.78,30,reef,Tuna,45,220.9,21.96917817,36.10707631,6.775635208,8.066706114,1.630202947,145.8198143,27.97604226,25.12267825,1.245932406,0.617658526,6,longline,acoustic,autumn,first_quarter
01-11-2021,LOC01,12.34,56.78,30,reef,Sardine,199,463.6,22.48980388,35.7951094,6.897884961,8.098595846,1.301909965,149.1197746,37.38301484,24.01468014,1.216607849,0.679701573,18,trawl,catch,autumn,last_quarter
01-11-2021,LOC01,12.34,56.78,30,reef,Snapper,49,117.5,22.70541053,34.76095847,7.127674725,8.07532659,1.697845264,139.3321318,35.56874077,24.73683653,1.230245291,0.723032825,12,longline,acoustic,autumn,first_quarter
01-11-2021,LOC02,13.45,57.89,50,seagrass,Tuna,47,325.1,21.73656068,34.31042537,6.667158382,8.133022128,1.64937688,144.3238368,29.38521475,24.76686729,1.198973733,0.73115256,19,net,catch,autumn,full
01-11-2021,LOC02,13.45,57.89,50,seagrass,Sardine,182,319.1,20.68978668,34.69864032,6.647446356,8.027649771,2.016707983,146.0298954,36.8984379,23.69097763,1.24255219,0.721432615,10,net,visual,autumn,last_quarter
01-11-2021,LOC02,13.45,57.89,50,seagrass,Snapper,45,161.7,20.52225094,34.86921905,6.877324742,8.035693498,1.48965754,143.8387958,24.21995997,23.08487534,1.26783747,0.692558017,8,net,visual,autumn,last_quarter
01-12-2021,LOC01,12.34,56.78,30,reef,Tuna,50,218.5,25.46781978,35.09755199,7.125880801,8.106593691,2.245629185,150.9459253,53.92344358,27.87082277,1.459817049,0.609592798,18,longline,acoustic,winter,last_quarter
01-12-2021,LOC01,12.34,56.78,30,reef,Sardine,178,424.7,24.72032317,34.74396929,7.280176372,8.047635643,1.760553993,152.1138648,51.95227466,27.49634303,1.545498874,0.709928931,19,trawl,catch,winter,first_quarter
01-12-2021,LOC01,12.34,56.78,30,reef,Snapper,60,312.9,25.77253981,35.27757284,7.008843401,8.059543701,2.020301377,149.7198222,50.9659079,29.20652531,1.473823334,0.721114451,12,longline,catch,winter,first_quarter
01-12-2021,LOC02,13.45,57.89,50,seagrass,Tuna,41,239.7,25.31909483,35.62955742,6.981006938,8.083391574,2.811195532,153.9423765,46.40259227,26.30573624,1.452935782,0.746828468,5,net,acoustic,winter,full
01-12-2021,LOC02,13.45,57.89,50,seagrass,Sardine,189,298,23.92442771,35.11214865,7.120191857,8.116626616,1.757163881,156.7748484,46.28069536,26.47846136,1.452872385,0.765057917,8,trawl,catch,winter,last_quarter
01-12-2021,LOC02,13.45,57.89,50,seagrass,Snapper,38,125,24.26162342,34.69191246,6.829836076,8.046120838,1.910104081,137.8339628,51.67521184,27.05169832,1.524042159,0.725386423,13,net,visual,winter,full
01-01-2022,LOC01,12.34,56.78,30,reef,Tuna,47,147.5,26.49762425,34.12974851,6.86949233,8.093909739,2.359472291,163.4105313,67.74491437,30.72609836,1.708658721,0.623247836,13,net,acoustic,winter,first_quarter
01-01-2022,LOC01,12.34,56.78,30,reef,Sardine,186,373.3,27.28485083,34.59330479,6.758118367,8.09115704,2.527240007,149.349186,70.40428102,29.70565228,1.729994654,0.695087864,10,net,catch,winter,first_quarter
01-01-2022,LOC01,12.34,56.78,30,reef,Snapper,49,202.5,27.51389821,35.00563885,6.84641069,8.067536854,2.054331399,144.2280646,61.1582217,30.08599348,1.714865308,0.618222163,5,net,visual,winter,full
01-01-2022,LOC02,13.45,57.89,50,seagrass,Tuna,44,232.2,27.98508177,34.46121934,6.608643916,8.179141472,2.222956066,132.8618295,64.80450539,29.90980759,1.709955896,0.65795642,7,longline,visual,winter,full
01-01-2022,LOC02,13.45,57.89,50,seagrass,Sardine,204,458.2,26.87948138,34.20891649,6.717100732,8.097264778,2.849701627,132.9354504,64.57740059,30.67514466,1.64080521,0.724894389,6,net,catch,winter,full
01-01-2022,LOC02,13.45,57.89,50,seagrass,Snapper,49,272,25.12270951,34.60761038,6.89366643,8.090251006,2.643283219,151.1949357,68.04225868,29.78572506,1.666255616,0.650431018,17,net,catch,winter,new
01-02-2022,LOC01,12.34,56.78,30,reef,Tuna,48,246.1,26.26634715,34.36095582,6.877237832,8.07267311,2.270782437,137.3524739,76.04754007,33.30109291,1.939769721,0.622927957,6,longline,visual,winter,last_quarter
01-02-2022,LOC01,12.34,56.78,30,reef,Sardine,195,235.9,29.77678853,35.57074038,6.740540161,8.078669751,3.215508737,134.277424,88.8433493,31.44615069,1.919775842,0.584694048,18,net,acoustic,winter,last_quarter
01-02-2022,LOC01,12.34,56.78,30,reef,Snapper,44,236.3,28.83690517,35.96769059,6.502675163,8.164551453,2.944451528,133.2640731,77.37696988,33.56493705,1.934404403,0.624806035,18,longline,catch,winter,first_quarter
01-02-2022,LOC02,13.45,57.89,50,seagrass,Tuna,48,227,29.74959191,35.62888948,6.728050656,8.100585821,2.151008793,130.1670282,64.88339082,33.66608965,1.937187164,0.649983701,19,longline,visual,winter,new
01-02-2022,LOC02,13.45,57.89,50,seagrass,Sardine,183,321,29.4147883,36.38371795,6.666905109,8.15247493,3.119206471,139.7946214,75.03040375,30.14139112,1.92822133,0.640586785,7,longline,catch,winter,first_quarter
01-02-2022,LOC02,13.45,57.89,50,seagrass,Snapper,43,247.2,29.98166764,35.31080066,6.492550149,8.109877814,2.51047003,103.1355802,76.73116777,32.52014268,1.960008528,0.678566791,13,longline,catch,winter,last_quarter
01-03-2022,LOC01,12.34,56.78,30,reef,Tuna,48,361.5,31.4800992,35.55969858,5.922442409,8.055840018,3.236672365,88.99338736,78.80781825,32.88522205,1.993669979,0.482265135,18,longline,visual,spring,new
01-03-2022,LOC01,12.34,56.78,30,reef,Sardine,208,407,29.726296,35.39517029,5.693427024,8.074149289,3.205211374,93.85915225,71.95596645,33.66855534,1.996849959,0.49775024,10,longline,acoustic,spring,new
01-03-2022,LOC01,12.34,56.78,30,reef,Snapper,43,176.8,28.84016071,34.77904499,5.963340489,8.067789587,3.176610983,95.53930622,84.90095436,33.28117317,1.998784028,0.456703006,16,net,visual,spring,first_quarter
01-03-2022,LOC02,13.45,57.89,50,seagrass,Tuna,50,223.2,29.09896597,35.7878388,5.659444278,8.02793246,3.332990893,113.5676316,76.27508531,32.36791418,1.999050935,0.38364501,5,longline,acoustic,spring,full
01-03-2022,LOC02,13.45,57.89,50,seagrass,Sardine,194,397.8,31.13378927,36.05344237,5.884630305,8.099158164,3.546616566,84.77800725,85.13790535,31.98168447,1.999973749,0.487869048,17,longline,acoustic,spring,new
01-03-2022,LOC02,13.45,57.89,50,seagrass,Snapper,48,233.8,30.07011316,35.28558703,5.805676245,8.136984625,3.245802929,126.036263,78.11947905,32.5419182,1.998522457,0.540955208,15,net,catch,spring,new
01-04-2022,LOC01,12.34,56.78,30,reef,Tuna,51,305.8,28.7255284,34.07880777,5.116680506,8.037029347,2.472075088,73.45389241,70.03636135,31.49339746,1.95104885,0.377974607,10,trawl,catch,spring,first_quarter
01-04-2022,LOC01,12.34,56.78,30,reef,Sardine,205,365.6,29.65787349,35.29208454,5.318476499,8.101824038,2.256539533,77.11713784,79.79150832,31.9160838,1.880724282,0.355938078,7,longline,visual,spring,first_quarter
01-04-2022,LOC01,12.34,56.78,30,reef,Snapper,50,318.9,29.32787677,35.40765804,5.359646611,8.138297773,2.637427947,85.90659936,87.0339665,32.07406853,1.977021806,0.372596353,13,longline,catch,spring,new
01-04-2022,LOC02,13.45,57.89,50,seagrass,Tuna,45,246.8,30.54785221,35.45971184,5.804340091,8.117939804,3.137603224,71.92872927,72.97345806,33.90292006,1.927506805,0.440244028,10,net,acoustic,spring,full
01-04-2022,LOC02,13.45,57.89,50,seagrass,Sardine,211,480.6,27.61865386,34.89237777,5.856458759,8.089310157,2.325881796,93.93048885,79.39272466,32.12613956,1.941997372,0.454117596,8,net,visual,spring,first_quarter
01-04-2022,LOC02,13.45,57.89,50,seagrass,Snapper,48,247,29.15515898,35.52282006,5.326931434,8.018903744,3.050357441,81.31238328,78.38196788,32.60388079,1.940802406,0.439374135,15,longline,acoustic,spring,new
01-05-2022,LOC01,12.34,56.78,30,reef,Tuna,41,133.9,27.9997881,34.16044479,5.112327929,8.078318626,1.874491511,60.58910572,63.09980969,27.90079366,1.712807753,0.398545228,13,longline,catch,spring,last_quarter
01-05-2022,LOC01,12.34,56.78,30,reef,Sardine,203,450.6,25.69038303,35.23468033,5.588572961,8.131996808,2.942023924,58.52787711,64.63390838,30.38127139,1.784455651,0.27860616,14,net,visual,spring,last_quarter
01-05-2022,LOC01,12.34,56.78,30,reef,Snapper,43,211.3,27.83980857,35.23010932,5.33284469,8.10413591,2.923048599,59.79285821,68.12092136,29.16673741,1.651449397,0.350286165,8,longline,acoustic,spring,full
01-05-2022,LOC02,13.45,57.89,50,seagrass,Tuna,49,259.1,25.58622027,35.51914496,5.025218035,8.170565849,2.473649296,58.74579667,70.89477289,29.10250703,1.791689762,0.316969998,14,net,catch,spring,full
01-05-2022,LOC02,13.45,57.89,50,seagrass,Sardine,199,338,27.10777399,34.0715948,4.998178733,8.099621635,2.779113357,48.98642815,73.2868806,29.31544398,1.778972704,0.403662797,9,net,visual,spring,full
01-05-2022,LOC02,13.45,57.89,50,seagrass,Snapper,45,291,26.68320682,34.97878309,5.152005962,8.050687994,2.483294484,56.75195842,70.70104739,31.20742503,1.764117149,0.316097262,19,longline,catch,spring,full
01-06-2022,LOC01,12.34,56.78,30,reef,Tuna,51,205.6,24.04316329,35.72352935,4.968715704,8.182017705,1.845909122,52.91205201,61.96338362,25.94261326,1.594322137,0.364329507,19,net,visual,summer,full
01-06-2022,LOC01,12.34,56.78,30,reef,Sardine,202,449.4,23.99169111,34.64995799,4.930523433,8.028559228,1.873231705,51.1879654,48.00225529,26.72862351,1.500995083,0.267212827,7,trawl,visual,summer,first_quarter
01-06-2022,LOC01,12.34,56.78,30,reef,Snapper,45,214.2,25.36548735,35.78288977,5.101731909,8.011329273,2.136198689,62.32863743,48.89201915,27.99563481,1.534478394,0.225723042,16,net,catch,summer,first_quarter
01-06-2022,LOC02,13.45,57.89,50,seagrass,Tuna,55,218.2,24.93668014,34.81714161,5.279827276,8.147717416,2.148581884,51.45630314,51.96614888,26.13801764,1.457191954,0.244397787,5,net,acoustic,summer,last_quarter
01-06-2022,LOC02,13.45,57.89,50,seagrass,Sardine,198,435.6,22.13848163,35.15112911,4.9773292,8.097468594,2.211959754,49.25231078,44.29896572,26.85859733,1.496622251,0.305746696,12,net,acoustic,summer,new
01-06-2022,LOC02,13.45,57.89,50,seagrass,Snapper,39,245.3,23.2653885,35.08982334,4.8829243,8.081464481,1.728557749,48.30449284,59.20627807,25.73556964,1.558347257,0.234903271,17,longline,visual,summer,full
01-07-2022,LOC01,12.34,56.78,30,reef,Tuna,53,214.9,22.26484935,36.2291218,5.41238878,8.057353109,1.694272231,48.38350208,26.11816181,25.01951092,1.201559489,0.379097532,18,net,visual,summer,new
01-07-2022,LOC01,12.34,56.78,30,reef,Sardine,219,480.9,22.10636253,34.19046409,5.156749635,8.153950482,1.140723513,63.08632363,36.65770848,24.75014826,1.213240007,0.292071657,19,longline,catch,summer,full
01-07-2022,LOC01,12.34,56.78,30,reef,Snapper,49,211,20.67864966,35.87632378,5.299117325,8.138494799,1.790317616,62.46581343,33.77835572,23.8362359,1.268736919,0.458531957,14,net,visual,summer,last_quarter
01-07-2022,LOC02,13.45,57.89,50,seagrass,Tuna,49,318.7,21.8389309,35.25054272,5.347170122,8.119238427,1.528340998,56.80675066,34.71779452,23.42330151,1.269709152,0.400774438,13,longline,visual,summer,last_quarter
01-07-2022,LOC02,13.45,57.89,50,seagrass,Sardine,207,483.9,23.06032918,34.8712394,5.24864709,8.067821944,1.422115791,66.39677468,39.37138839,23.01809015,1.287914557,0.332230027,16,trawl,catch,summer,first_quarter
01-07-2022,LOC02,13.45,57.89,50,seagrass,Snapper,40,185.4,22.07949166,34.73310203,5.135416008,8.073237222,1.061262785,64.49742594,38.76436084,24.84317431,1.31941358,0.341740827,12,longline,acoustic,summer,new
01-08-2022,LOC01,12.34,56.78,30,reef,Tuna,41,280.5,22.59436902,34.1678218,5.998785401,8.054238714,1.428176585,84.70497981,19.04078675,22.29711537,1.069700625,0.4277165,9,net,acoustic,summer,last_quarter
01-08-2022,LOC01,12.34,56.78,30,reef,Sardine,195,496.9,21.25026895,35.3659067,5.367082666,8.047736861,0.963657953,68.79178614,27.95023423,22.77983163,1.070917502,0.471545951,8,longline,catch,summer,new
01-08-2022,LOC01,12.34,56.78,30,reef,Snapper,54,190.7,21.3027413,34.60829947,6.111906246,8.045696321,0.756759854,80.10138716,31.66580528,21.86843723,1.053397825,0.307822629,16,net,catch,summer,new
01-08-2022,LOC02,13.45,57.89,50,seagrass,Tuna,44,121.3,19.34767701,34.7314031,5.333742833,8.119820425,1.225648654,83.93798746,27.78115655,22.94466037,1.067035266,0.415173345,6,longline,visual,summer,new
01-08-2022,LOC02,13.45,57.89,50,seagrass,Sardine,223,354.8,21.09148981,34.95299241,5.36736525,8.066887759,0.770854978,84.78841341,24.41232623,20.94104756,1.04821026,0.37197756,7,trawl,catch,summer,new
01-08-2022,LOC02,13.45,57.89,50,seagrass,Snapper,49,247,21.8124622,35.01001865,5.260176575,8.12719385,0.988477679,93.87923972,24.01363928,19.56881208,1.058331546,0.49722989,15,trawl,visual,summer,new
01-09-2022,LOC01,12.34,56.78,30,reef,Tuna,44,188.2,20.2242894,34.36352379,5.871108847,8.066187665,1.269566584,108.0071912,21.38409865,19.64957858,1.000242778,0.462694176,17,longline,catch,autumn,new
01-09-2022,LOC01,12.34,56.78,30,reef,Sardine,215,135.5,18.2330381,35.71081349,5.919749012,8.062463769,1.492798088,112.6515995,20.12224361,20.70659691,1.000043626,0.51135814,11,longline,acoustic,autumn,first_quarter
01-09-2022,LOC01,12.34,56.78,30,reef,Snapper,39,183.5,17.4839048,33.93591523,5.796376478,8.126561161,1.03413987,101.8436671,29.75471741,19.73091039,1.000001881,0.515221776,10,net,acoustic,autumn,first_quarter
01-09-2022,LOC02,13.45,57.89,50,seagrass,Tuna,54,268.2,21.02805357,34.97334857,5.993851234,8.070798533,1.035737179,103.1799869,16.07870746,20.87495558,1.000930263,0.614983203,8,longline,acoustic,autumn,new
01-09-2022,LOC02,13.45,57.89,50,seagrass,Sardine,206,275.9,19.55292741,35.10526734,6.317200766,8.111099139,1.415116108,106.4072911,28.1370067,20.94095778,1.01421504,0.47573019,18,trawl,acoustic,autumn,new
01-09-2022,LOC02,13.45,57.89,50,seagrass,Snapper,55,256.6,21.2490227,35.34384609,6.393225494,8.022608358,0.920391968,95.37478616,10.13158662,22.0603272,1.000182775,0.53698156,8,net,visual,autumn,full
01-10-2022,LOC01,12.34,56.78,30,reef,Tuna,56,335.3,20.10315996,34.6845192,6.711437854,8.118931966,0.520556117,112.746082,31.52541721,22.20577586,1.049208013,0.591479517,14,net,visual,autumn,new
01-10-2022,LOC01,12.34,56.78,30,reef,Sardine,233,368,20.94282874,34.95008271,6.614371837,8.03852463,1.241113199,135.9158362,26.45333062,21.94295932,1.064610149,0.558257442,13,trawl,visual,autumn,first_quarter
01-10-2022,LOC01,12.34,56.78,30,reef,Snapper,53,238.9,20.87072328,34.813243,6.597060657,8.126142188,1.40066955,139.2355947,28.99853151,20.86960851,1.046195959,0.596211426,14,longline,catch,autumn,last_quarter
01-10-2022,LOC02,13.45,57.89,50,seagrass,Tuna,48,207.8,20.35408349,35.58922543,6.539847608,8.223590454,1.185127052,122.0993423,24.0399023,22.06033956,1.07827531,0.703835566,6,net,visual,autumn,last_quarter
01-10-2022,LOC02,13.45,57.89,50,seagrass,Sardine,206,491.4,21.93749654,34.5714118,6.498213226,8.013732287,0.756332658,135.4802958,21.68715536,20.6950446,1.072837294,0.573879378,16,longline,acoustic,autumn,first_quarter
01-10-2022,LOC02,13.45,57.89,50,seagrass,Snapper,41,255.8,20.00481126,35.46868848,6.343171541,8.191310467,0.793843289,138.2847881,20.73680735,23.81709403,1.082518519,0.549199174,10,net,visual,autumn,last_quarter
01-11-2022,LOC01,12.34,56.78,30,reef,Tuna,47,237.1,23.25835303,35.06589921,6.607324432,8.059351299,1.570535983,155.4560944,43.07991212,24.77952942,1.262541507,0.710645775,9,net,acoustic,autumn,new
01-11-2022,LOC01,12.34,56.78,30,reef,Sardine,202,437.7,22.68551331,35.34382624,6.97524777,8.112132214,1.666985,142.8744392,37.06445698,23.2738556,1.266175923,0.706625965,17,trawl,visual,autumn,new
01-11-2022,LOC01,12.34,56.78,30,reef,Snapper,36,139.5,23.76577493,35.53284259,6.973512175,8.198609798,1.443226291,173.6188943,33.86235292,24.25519335,1.232978011,0.691821359,13,longline,visual,autumn,last_quarter
01-11-2022,LOC02,13.45,57.89,50,seagrass,Tuna,54,284.6,21.59100231,35.20924954,6.83921996,8.069588014,1.267057678,170.018904,33.68261375,22.54301458,1.220399828,0.670626689,11,longline,visual,autumn,first_quarter
01-11-2022,LOC02,13.45,57.89,50,seagrass,Sardine,194,421,21.62394054,34.69017851,6.682483609,8.040580557,1.819262847,150.1873872,39.88332685,24.03931307,1.28435685,0.585140611,12,trawl,acoustic,autumn,first_quarter
01-11-2022,LOC02,13.45,57.89,50,seagrass,Snapper,50,200.6,21.00196022,34.64397292,6.97900886,8.134504571,1.089617317,133.4902765,31.38382157,23.64269494,1.193519055,0.602102492,12,net,catch,autumn,last_quarter
01-12-2022,LOC01,12.34,56.78,30,reef,Tuna,66,399.9,23.69822026,34.89677712,7.204951347,8.07908658,1.827899093,161.6349581,48.46898961,28.10449503,1.521441692,0.682857767,12,net,visual,winter,first_quarter
01-12-2022,LOC01,12.34,56.78,30,reef,Sardine,178,359.7,24.93848432,35.35207407,6.794964161,8.150848852,2.139898632,136.8307493,56.04131413,29.23409308,1.550007948,0.771349238,10,longline,catch,winter,first_quarter
01-12-2022,LOC01,12.34,56.78,30,reef,Snapper,50,220.4,24.08542372,34.96862666,7.123117058,8.027362123,1.865336714,165.0987068,44.6235581,27.86976119,1.475772952,0.727289688,16,trawl,acoustic,winter,first_quarter
01-12-2022,LOC02,13.45,57.89,50,seagrass,Tuna,36,220.1,24.14730689,35.12977088,7.051649237,8.124256128,2.101087003,141.5619002,43.25066294,27.87234868,1.509291194,0.757468842,18,trawl,acoustic,winter,new
01-12-2022,LOC02,13.45,57.89,50,seagrass,Sardine,230,499.3,24.35254057,35.82215086,6.824687035,8.083128512,2.032234611,139.0781767,51.65259764,28.61191048,1.475486723,0.719757141,7,net,catch,winter,full
01-12-2022,LOC02,13.45,57.89,50,seagrass,Snapper,54,328.4,24.67375632,34.91126126,6.924561425,8.004159206,1.660404068,159.6109349,39.45024677,26.23368465,1.480019319,0.787181093,13,longline,visual,winter,full
